DV,A,B,C,S,I
1275,2,2,1,11,28
659,1,1,1,11,87
674,2,2,2,11,38
1834,2,1,2,11,114
608,2,1,2,11,109
849,2,1,2,11,22
688,1,2,2,11,25
693,1,2,2,11,73
560,2,1,1,11,79
942,2,2,1,11,88
562,1,1,1,11,107
628,1,1,2,11,37
559,1,1,1,11,66
723,2,1,2,11,39
1423,1,2,2,11,55
789,1,2,1,11,106
739,2,2,2,11,64
509,1,1,2,11,44
737,2,1,1,11,40
521,2,2,2,11,2
717,1,2,1,11,90
576,2,2,1,11,80
532,2,2,2,11,98
868,2,2,1,11,84
598,1,2,2,11,41
448,1,1,2,11,57
653,2,1,1,11,46
680,1,2,1,11,65
492,1,1,1,11,4
448,1,2,1,11,30
686,2,1,2,11,105
632,1,2,1,11,103
625,2,1,1,11,96
772,1,1,2,11,99
604,1,2,1,11,86
646,2,1,2,11,112
566,2,2,2,11,100
576,2,2,2,11,7
933,1,2,2,11,17
590,1,2,2,11,20
547,2,2,2,11,58
737,2,2,2,11,27
616,2,2,2,11,13
676,2,2,1,11,8
666,1,1,2,11,21
808,2,1,1,11,1
548,2,1,1,11,29
600,2,1,2,11,3
663,2,1,1,11,74
853,2,1,2,11,82
525,2,2,1,11,16
640,1,2,2,11,97
585,1,1,1,11,32
603,1,1,2,11,10
537,1,2,1,11,23
810,2,2,1,11,91
1143,1,2,1,11,54
654,1,2,2,11,51
637,2,2,1,11,77
658,1,1,1,11,34
853,2,1,2,11,63
1086,1,1,1,11,24
476,1,1,2,11,48
705,1,2,2,11,59
657,2,1,2,11,12
1181,1,2,1,11,14
613,2,2,1,11,36
630,1,2,1,11,110
617,2,1,2,11,5
940,2,1,1,11,71
1758,2,2,2,11,75
657,1,1,2,11,56
524,1,1,1,11,94
763,1,1,1,11,33
534,1,1,1,11,92
478,2,1,1,11,70
710,1,2,2,11,43
891,2,1,2,11,18
559,2,1,1,11,118
569,1,1,2,11,89
541,1,1,1,11,50
542,1,1,1,11,60
787,2,1,1,11,81
765,1,1,2,11,113
688,1,2,1,11,115
548,1,1,2,11,11
646,2,2,1,11,78
602,2,1,1,11,42
685,1,2,2,11,9
637,1,1,2,11,68
601,1,1,2,11,15
1244,2,1,1,11,53
728,1,1,1,11,108
849,2,1,1,11,19
496,1,2,2,11,76
496,1,2,1,11,101
947,1,1,2,11,93
636,2,2,1,11,116
970,2,2,2,11,102
609,2,1,2,11,31
803,1,2,2,11,67
608,2,2,1,11,95
726,2,2,1,15,80
401,2,2,1,15,8
542,2,2,2,15,104
465,1,2,2,15,51
451,1,1,2,15,48
450,2,2,1,15,36
491,1,1,2,15,93
418,1,1,1,15,108
965,2,2,2,15,35
439,2,2,2,15,38
569,2,1,1,15,1
440,1,1,1,15,50
448,2,2,2,15,2
514,1,2,2,15,73
427,1,1,1,15,107
967,1,2,2,15,85
484,1,2,2,15,76
497,1,2,1,15,101
409,1,1,2,15,83
436,1,1,2,15,21
456,1,2,1,15,90
506,1,1,2,15,99
674,2,2,1,15,49
503,2,1,1,15,96
382,1,1,1,15,4
467,1,1,1,15,32
514,1,2,2,15,43
458,1,1,2,15,56
535,2,1,2,15,3
469,2,2,2,15,27
512,2,1,2,15,39
480,1,2,1,15,23
452,2,1,2,15,12
623,2,2,1,15,91
558,2,1,1,15,70
660,2,2,1,15,28
480,2,1,1,15,118
925,2,2,2,15,47
655,2,1,1,15,40
540,1,2,2,15,97
586,1,2,1,15,110
358,1,1,1,15,117
429,2,1,1,15,81
512,2,1,1,15,53
796,2,2,1,15,95
604,1,2,2,15,25
898,2,1,2,15,63
444,1,2,1,15,45
543,1,2,1,15,103
596,2,1,2,15,31
1082,1,2,2,15,67
441,1,1,2,15,68
461,2,2,1,15,78
528,1,2,1,15,54
652,2,2,2,15,13
654,1,2,2,15,20
723,2,1,1,15,42
708,2,2,2,15,75
604,1,1,1,15,34
519,1,2,2,15,59
506,1,1,1,15,24
764,2,1,2,15,22
659,2,2,1,15,84
653,2,2,2,15,100
503,1,2,1,15,30
726,2,1,1,15,71
461,1,1,2,15,57
534,2,1,2,15,109
516,1,2,1,15,14
511,1,2,1,15,86
490,1,1,1,15,33
505,2,2,1,15,88
600,1,2,1,15,106
418,2,2,1,15,116
580,2,2,1,15,16
464,2,1,2,15,62
397,1,1,2,15,44
457,1,1,1,15,60
604,1,2,1,15,61
528,1,2,2,15,17
547,1,1,2,15,11
450,2,2,2,15,7
434,1,1,1,15,94
711,2,2,2,15,58
651,2,1,2,15,18
573,2,1,2,15,114
433,2,2,2,15,69
510,2,2,2,15,98
808,2,1,2,15,5
531,1,2,2,15,41
500,1,1,1,15,66
563,1,2,2,15,9
434,2,1,1,15,79
476,1,1,2,15,10
402,2,2,1,15,77
548,2,1,2,15,112
465,2,1,1,15,29
444,1,2,1,15,65
478,2,1,2,15,111
476,2,1,1,15,74
397,1,1,2,15,15
440,1,1,1,15,92
511,2,2,2,15,64
542,2,1,2,15,105
573,2,1,2,15,82
412,1,1,2,15,89
479,2,2,2,15,102
649,1,1,1,15,87
473,1,1,2,15,113
531,1,1,2,15,37
593,2,2,2,17,7
725,2,1,1,17,118
1080,2,2,2,17,58
815,1,1,1,17,33
807,1,1,2,17,89
838,2,2,2,17,47
689,2,2,2,17,75
634,1,1,1,17,4
619,2,2,2,17,100
619,1,2,1,17,110
847,1,1,2,17,15
545,2,2,2,17,98
693,2,1,2,17,82
672,2,1,2,17,62
863,1,2,1,17,90
614,2,2,2,17,69
599,2,2,2,17,102
633,2,2,1,17,28
585,2,2,2,17,64
1046,2,1,1,17,70
661,1,2,2,17,59
480,1,1,2,17,11
511,1,2,2,17,41
430,2,1,2,17,3
509,2,2,2,17,13
517,1,1,2,17,57
877,2,1,2,17,112
624,1,1,1,17,34
582,1,1,1,17,117
498,2,1,2,17,31
510,2,2,2,17,38
577,2,1,1,17,53
505,2,1,1,17,19
697,1,2,2,17,25
527,2,1,2,17,18
776,1,2,2,17,67
496,1,1,2,17,37
522,1,2,1,17,86
480,1,2,1,17,101
442,2,1,1,17,79
414,2,1,1,17,29
408,1,2,2,17,17
435,1,2,1,17,45
660,1,1,1,17,60
543,1,2,1,17,65
677,1,2,1,17,115
794,1,1,2,17,93
595,2,2,1,17,88
523,2,2,1,17,116
622,2,2,2,17,104
679,2,1,1,17,71
547,2,1,2,17,12
536,1,2,2,17,43
406,2,1,2,17,22
513,2,1,2,17,39
713,1,1,1,17,52
526,1,1,1,17,32
487,1,1,1,17,92
614,2,2,2,17,27
694,2,2,1,17,91
494,1,1,2,17,21
827,2,2,2,17,2
566,2,1,2,17,114
550,2,2,1,17,16
469,2,2,1,17,36
468,1,1,2,17,68
783,1,2,2,17,55
628,2,1,1,17,74
597,2,2,1,17,72
978,1,2,1,17,23
502,2,1,1,17,81
608,1,2,1,17,106
965,2,2,2,17,35
577,1,1,1,17,107
666,1,2,1,17,103
625,1,1,2,17,83
559,1,2,2,17,73
782,2,2,1,17,95
418,1,1,2,17,56
520,2,2,1,17,84
515,1,1,1,17,108
858,2,2,1,17,49
566,1,2,1,17,30
514,1,1,1,17,87
796,1,1,2,17,113
1026,2,1,2,17,5
755,2,1,2,17,109
646,2,1,2,17,111
521,1,1,2,17,44
538,1,1,1,17,94
460,2,1,1,17,96
493,2,1,1,17,1
490,2,2,1,17,78
464,1,1,2,17,48
502,1,1,2,17,99
754,1,2,1,17,61
475,1,2,2,17,97
473,2,1,1,17,6
401,1,2,2,17,76
407,1,1,2,17,10
747,1,2,1,17,26
680,2,1,1,17,46
453,1,1,1,17,24
713,1,2,2,17,51
483,1,1,1,17,50
426,1,2,2,17,20
440,1,2,1,17,54
651,2,1,1,17,40
781,2,1,2,17,63
586,1,2,1,17,14
598,1,2,2,17,85
607,2,2,1,17,80
545,2,2,1,17,8
591,1,1,1,17,66
583,2,1,2,17,105
517,2,1,1,17,42
508,1,2,2,17,9
457,1,1,1,23,117
497,1,2,1,23,23
552,1,2,1,23,54
454,2,2,2,23,100
474,1,2,1,23,86
524,2,1,1,23,96
502,2,2,2,23,64
514,1,2,1,23,61
484,2,1,1,23,70
470,2,2,1,23,36
478,2,2,2,23,38
582,2,1,2,23,63
483,1,1,2,23,10
466,2,2,2,23,58
417,1,1,1,23,87
445,2,2,1,23,116
500,2,2,1,23,28
523,2,2,1,23,91
445,1,2,1,23,110
527,1,2,1,23,65
449,2,1,1,23,74
425,1,1,2,23,83
508,2,1,1,23,46
529,2,1,1,23,1
499,2,1,2,23,112
479,2,2,1,23,8
509,1,2,1,23,103
412,2,1,2,23,3
425,2,1,1,23,79
700,1,2,2,23,55
435,2,2,1,23,88
591,1,1,2,23,99
358,1,1,2,23,48
376,1,1,1,23,66
571,2,2,1,23,72
481,1,1,1,23,24
640,2,2,2,23,75
604,2,2,2,23,69
467,2,1,1,23,118
641,2,2,2,23,13
648,2,1,1,23,71
483,2,1,1,23,19
467,1,2,1,23,101
371,1,1,1,23,107
488,2,2,2,23,35
614,1,1,2,23,93
504,1,2,2,23,97
456,1,1,2,23,89
410,2,1,2,23,31
654,2,2,2,23,47
506,2,2,1,23,84
591,1,2,1,23,30
516,2,1,2,23,109
526,2,2,2,23,102
437,2,2,1,23,16
509,1,2,2,23,20
480,1,1,2,23,113
453,1,2,2,23,41
451,2,1,2,23,82
461,1,2,2,23,67
490,2,1,2,23,114
311,1,1,2,23,57
752,1,2,1,23,90
412,1,1,1,23,92
469,1,1,1,23,34
590,1,2,1,23,115
622,1,2,2,23,76
466,2,1,1,23,29
506,1,1,1,23,108
482,1,2,2,23,17
466,1,1,2,23,37
545,2,2,2,23,2
614,1,2,2,23,43
456,1,2,2,23,51
705,2,1,2,23,62
488,1,1,1,23,60
923,1,2,2,23,85
458,1,1,1,23,50
410,1,1,1,23,32
569,2,1,1,23,6
410,2,2,2,23,98
337,1,1,2,23,44
631,2,2,1,23,80
571,2,1,1,23,53
522,2,2,1,23,78
417,1,1,2,23,21
569,1,2,2,23,25
495,1,2,2,23,59
461,2,1,2,23,111
965,2,1,1,23,42
457,2,1,1,23,81
513,1,2,1,23,45
1249,2,2,2,23,104
459,1,1,2,23,56
469,2,1,2,23,12
526,2,1,2,23,5
430,1,1,1,23,94
469,2,1,1,23,40
436,2,2,1,23,77
445,2,1,2,23,18
356,1,1,2,23,11
352,1,1,2,23,15
430,1,2,1,23,106
407,1,1,1,23,4
511,1,1,2,23,68
534,1,1,1,23,52
504,2,2,2,23,27
512,2,1,2,23,105
477,1,2,2,23,9
441,1,1,1,23,33
587,2,1,2,23,22
550,2,2,2,23,7
462,2,1,2,23,39
1253,2,1,2,3,82
465,1,1,2,3,37
662,1,1,1,3,32
670,1,2,1,3,14
492,2,1,2,3,12
734,2,1,1,3,74
1050,2,2,2,3,35
1907,1,1,2,3,48
963,2,2,1,3,28
396,1,1,2,3,11
647,2,2,2,3,58
529,2,1,1,3,70
535,2,1,2,3,3
528,1,2,2,3,43
537,2,1,1,3,29
619,2,2,2,3,75
585,2,1,1,3,1
601,2,2,2,3,2
639,1,1,2,3,68
586,1,1,1,3,66
890,1,2,1,3,115
601,2,2,2,3,47
604,1,2,1,3,65
579,1,1,1,3,33
534,2,1,2,3,114
509,2,2,1,3,91
535,1,2,2,3,20
629,2,2,2,3,64
711,2,1,2,3,22
932,2,1,1,3,19
578,2,2,1,3,16
567,2,1,2,3,109
552,2,2,2,3,27
504,1,1,2,3,21
730,1,2,2,3,85
370,1,1,2,3,44
578,1,2,1,3,90
376,1,1,1,3,4
487,2,2,2,3,100
482,2,1,2,3,31
442,2,1,1,3,46
372,2,2,1,3,36
1170,2,1,2,3,63
441,2,2,2,3,38
589,1,2,2,3,73
440,1,1,1,3,50
523,1,1,2,3,99
580,1,1,2,3,93
531,2,1,2,3,62
1851,2,1,2,3,105
442,1,1,2,3,10
491,2,1,1,3,40
483,1,1,2,3,15
506,2,2,1,3,80
515,2,1,2,3,111
404,2,1,1,3,79
1224,1,2,2,3,97
569,1,1,1,3,52
694,2,2,1,3,88
535,1,1,2,3,89
621,1,2,2,3,67
558,1,2,1,3,101
487,2,2,1,3,77
404,1,1,1,3,92
472,2,2,2,3,7
541,1,1,1,3,87
460,2,1,2,3,112
582,2,2,2,3,98
488,1,2,2,3,76
553,1,1,2,3,57
640,1,2,1,3,86
525,1,1,1,3,34
608,2,1,2,3,39
1190,2,1,1,3,81
1550,1,2,1,3,61
782,2,2,2,3,13
517,1,2,1,3,23
528,2,2,2,3,69
755,1,2,1,3,106
522,1,1,1,3,117
544,1,2,1,3,30
629,2,2,2,3,104
959,1,2,2,3,59
826,2,2,1,3,8
477,2,1,1,3,42
431,1,2,1,3,45
376,1,1,1,3,108
502,2,2,1,3,116
710,2,1,2,3,18
502,1,2,2,3,9
532,1,2,2,3,51
448,1,1,2,3,113
547,1,2,2,3,25
430,1,2,1,3,103
589,2,2,1,3,95
411,2,1,1,3,118
478,1,1,1,3,94
579,1,2,1,3,110
465,1,1,1,3,107
521,2,1,2,3,5
558,1,1,2,3,56
474,2,1,1,3,96
450,1,1,1,3,60
576,2,2,1,3,78
401,2,2,2,3,102
671,1,2,1,31,86
620,2,1,2,31,105
603,1,2,1,31,115
849,1,2,2,31,67
708,2,1,2,31,63
653,2,1,2,31,82
563,1,2,1,31,14
492,2,1,1,31,53
1301,2,1,1,31,6
564,2,1,2,31,62
709,2,2,1,31,16
1071,2,1,1,31,40
840,2,2,1,31,80
826,2,2,2,31,35
615,1,2,1,31,90
894,1,1,1,31,24
495,1,2,2,31,76
694,1,2,1,31,65
552,1,1,2,31,37
588,2,1,1,31,81
548,2,1,2,31,22
548,2,2,2,31,38
469,1,1,1,31,92
530,1,1,1,31,66
666,1,2,1,31,110
539,1,1,2,31,44
928,1,1,2,31,113
526,2,1,2,31,12
572,2,2,1,31,36
396,1,1,2,31,10
665,1,1,2,31,48
687,1,2,2,31,9
785,1,2,2,31,55
419,1,1,1,31,60
901,2,2,2,31,100
1032,2,1,1,31,1
559,1,1,1,31,32
580,2,2,1,31,77
873,2,1,2,31,5
537,1,1,1,31,87
599,2,1,2,31,114
749,2,2,2,31,27
548,1,2,1,31,30
911,2,2,1,31,95
672,2,2,2,31,102
576,2,1,2,31,39
891,1,2,2,31,17
463,1,1,2,31,57
638,1,1,2,31,99
530,1,2,2,31,43
779,1,1,1,31,108
1434,2,2,1,31,49
997,2,1,2,31,111
577,1,1,1,31,33
902,2,1,2,31,109
565,1,1,1,31,117
1162,2,2,1,31,84
593,1,1,1,31,50
643,1,1,2,31,93
574,2,1,1,31,96
840,1,1,2,31,15
643,2,2,2,31,13
646,2,1,1,31,29
596,2,1,1,31,79
918,2,1,2,31,18
688,1,1,1,31,4
746,1,2,2,31,51
757,2,1,1,31,118
764,1,2,2,31,20
752,2,2,2,31,58
869,2,2,2,31,75
1128,1,1,2,31,83
771,1,2,1,31,23
1155,1,2,2,31,85
535,1,2,2,31,41
541,1,2,2,31,97
585,2,1,2,31,3
747,2,1,1,31,71
865,1,1,2,31,56
505,1,1,2,31,11
589,2,2,1,31,116
622,2,2,1,31,88
591,1,2,1,31,101
493,2,1,1,31,46
538,2,1,1,31,74
448,2,2,2,31,69
501,1,2,1,31,54
436,2,2,2,31,98
461,1,1,2,31,21
996,1,2,2,31,59
1478,2,2,2,31,104
600,1,2,1,31,103
571,2,1,1,31,19
459,2,2,1,31,8
844,1,1,1,31,94
919,1,2,2,31,25
785,1,1,2,31,68
681,1,1,1,31,107
546,2,2,1,31,91
565,2,2,2,31,2
680,2,2,2,31,47
1031,2,2,1,31,28
530,1,1,1,31,34
549,2,1,2,31,112
795,2,2,2,31,7
518,2,2,1,31,78
517,1,2,1,31,45
688,2,1,1,31,70
596,2,1,2,31,31
627,1,1,2,31,89
791,2,2,2,31,64
531,1,2,1,31,106
598,2,1,2,32,31
488,2,1,2,32,3
582,2,1,1,32,40
425,1,2,1,32,14
366,1,1,2,32,68
362,2,2,2,32,38
375,1,2,1,32,101
446,2,2,1,32,78
407,2,2,1,32,91
399,1,2,1,32,26
351,2,1,1,32,70
359,2,1,2,32,12
338,1,1,2,32,93
370,2,1,2,32,109
298,1,1,1,32,4
378,2,1,2,32,111
368,2,2,1,32,116
705,2,2,1,32,95
376,1,1,1,32,50
528,1,2,2,32,17
490,2,2,2,32,27
528,2,2,1,32,80
434,1,1,1,32,107
611,2,2,1,32,28
548,2,1,1,32,46
485,1,2,2,32,9
492,2,1,1,32,74
502,1,2,2,32,73
430,1,1,1,32,66
366,1,1,1,32,94
434,2,2,1,32,84
316,1,1,1,32,60
398,2,1,2,32,105
395,1,2,1,32,103
421,1,2,2,32,76
334,1,1,2,32,56
382,1,1,2,32,48
570,1,2,2,32,67
356,1,1,2,32,21
419,2,2,1,32,77
338,2,1,2,32,18
303,1,1,2,32,37
312,2,1,1,32,118
326,1,1,2,32,11
384,2,1,1,32,42
371,2,2,2,32,98
482,2,1,2,32,62
412,2,2,2,32,2
386,1,2,1,32,86
401,1,2,1,32,54
441,1,1,2,32,113
453,2,1,2,32,39
379,2,1,1,32,81
424,1,2,1,32,45
394,2,2,1,32,16
424,2,1,2,32,63
443,1,2,2,32,59
340,2,1,1,32,19
375,1,1,1,32,92
366,1,1,1,32,87
537,2,1,1,32,79
400,2,1,2,32,112
346,2,1,2,32,114
474,1,1,1,32,117
446,2,1,1,32,1
404,1,1,2,32,89
346,1,2,1,32,30
340,1,1,1,32,34
360,1,1,2,32,10
454,1,2,1,32,23
489,2,2,2,32,58
378,2,2,2,32,102
376,1,2,1,32,106
427,1,2,2,32,25
546,2,1,1,32,96
567,2,2,2,32,104
595,1,2,2,32,55
486,1,2,2,32,85
410,2,2,1,32,36
289,1,1,1,32,108
350,1,1,2,32,99
402,1,2,2,32,20
388,2,2,2,32,100
380,2,2,1,32,8
407,2,2,2,32,13
510,2,1,2,32,22
303,1,1,1,32,24
524,2,2,2,32,75
343,1,1,2,32,57
409,1,1,1,32,52
448,2,2,1,32,88
351,1,2,2,32,51
456,1,2,1,32,110
365,1,2,2,32,97
429,1,2,2,32,43
480,1,1,1,32,32
407,2,1,1,32,29
410,2,2,2,32,69
406,1,1,2,32,44
504,2,2,2,32,7
456,1,2,2,32,41
393,1,2,1,32,65
417,2,1,1,32,71
467,2,2,2,32,35
377,1,1,1,32,33
335,2,2,2,32,64
614,1,2,2,6,17
612,2,2,1,6,72
421,1,1,1,6,92
616,2,1,1,6,19
549,1,2,2,6,97
453,1,2,2,6,43
544,2,1,2,6,105
422,1,1,2,6,48
463,2,1,1,6,29
343,1,1,2,6,11
377,1,1,1,6,107
496,1,2,2,6,55
617,2,1,1,6,74
500,2,1,1,6,1
601,2,2,1,6,16
451,1,1,1,6,4
508,2,2,2,6,2
606,1,1,2,6,83
584,1,2,1,6,65
395,1,1,2,6,15
365,1,1,1,6,34
544,2,1,2,6,82
618,2,1,2,6,18
458,2,2,1,6,77
598,1,2,2,6,67
654,1,2,2,6,85
675,2,1,1,6,6
535,1,1,1,6,52
524,1,2,1,6,86
522,2,2,1,6,116
436,2,1,1,6,70
457,2,1,2,6,3
573,2,1,1,6,42
779,1,2,1,6,26
502,2,1,1,6,53
883,2,1,2,6,109
523,2,2,2,6,7
741,2,2,1,6,95
430,1,1,1,6,87
457,1,1,2,6,37
566,1,2,2,6,20
468,1,1,1,6,33
353,1,1,1,6,50
396,1,2,1,6,30
373,1,1,2,6,10
696,1,2,1,6,61
546,1,2,2,6,9
369,1,1,2,6,93
400,1,1,1,6,32
396,1,1,1,6,108
575,2,2,1,6,91
456,1,2,1,6,115
584,1,2,1,6,54
610,2,2,2,6,75
465,1,2,1,6,103
459,1,1,1,6,117
627,2,2,1,6,88
552,2,1,1,6,96
524,2,2,1,6,8
378,1,1,2,6,44
937,2,2,1,6,80
592,1,2,1,6,45
971,2,1,2,6,31
634,1,2,1,6,110
551,2,1,2,6,111
662,2,2,2,6,27
600,2,2,1,6,28
608,1,1,1,6,60
596,2,2,2,6,100
543,1,2,2,6,76
517,2,1,1,6,71
469,2,1,1,6,81
700,1,2,2,6,73
554,2,1,2,6,114
480,1,2,1,6,23
444,1,1,1,6,66
517,1,2,2,6,51
552,1,1,1,6,24
608,1,2,1,6,14
611,1,2,1,6,106
469,1,1,2,6,56
441,2,2,2,6,102
536,2,1,2,6,62
416,1,1,2,6,89
589,1,2,1,6,90
719,2,2,2,6,13
541,1,1,2,6,99
493,1,1,2,6,21
616,2,1,2,6,63
1179,2,1,2,6,22
540,2,2,1,6,36
573,2,1,2,6,12
497,2,2,2,6,98
565,2,1,2,6,39
664,2,2,2,6,38
533,1,1,2,6,113
983,2,2,2,6,69
825,2,2,1,6,78
579,1,2,2,6,41
586,2,1,1,6,46
417,1,1,1,6,94
477,1,1,2,6,57
501,1,2,2,6,25
477,1,2,2,6,59
548,2,1,1,6,118
463,2,2,1,6,84
491,1,2,1,6,101
633,2,1,1,6,40
601,2,2,2,6,104
400,1,1,2,6,68
483,2,2,1,10,42
581,1,1,2,10,51
331,1,1,1,10,54
489,2,2,1,10,79
561,1,2,1,10,66
547,2,1,1,10,84
586,2,1,1,10,36
435,2,1,2,10,58
454,1,1,2,10,9
485,1,2,2,10,113
593,2,2,1,10,29
701,2,2,1,10,53
503,1,1,1,10,23
613,2,2,1,10,71
785,2,1,2,10,102
621,2,2,2,10,3
577,1,1,2,10,59
569,1,1,2,10,20
461,1,2,1,10,32
582,2,1,2,10,2
535,1,1,2,10,97
562,1,2,1,10,92
409,2,2,1,10,46
611,1,2,1,10,4
454,1,1,1,10,101
567,2,1,2,10,27
488,2,2,1,10,1
367,1,1,1,10,30
418,1,1,2,10,73
508,2,1,1,10,91
447,1,2,2,10,83
506,2,1,2,10,100
555,2,2,1,10,81
618,2,1,2,10,7
561,2,2,1,10,74
491,2,2,2,10,63
542,2,1,1,10,77
694,2,1,2,10,98
539,1,1,2,10,43
535,2,1,1,10,80
406,2,1,2,10,13
467,1,2,1,10,24
521,1,1,1,10,45
531,2,1,1,10,78
506,2,1,1,10,116
417,1,2,1,10,33
442,1,2,1,10,87
378,1,2,1,10,107
654,1,2,1,10,50
653,1,2,2,10,11
630,1,1,1,10,115
1294,2,1,2,10,47
608,1,1,1,10,106
343,1,1,1,10,65
588,2,2,1,10,70
406,2,1,2,10,64
489,2,1,2,10,38
535,1,2,2,10,10
1289,2,2,2,10,82
519,1,2,2,10,56
456,1,1,2,10,25
560,2,2,2,10,105
587,1,1,2,10,67
462,1,1,2,10,41
709,2,2,2,10,18
572,1,1,1,10,86
602,1,2,2,10,37
437,1,2,2,10,21
709,2,1,1,10,95
446,1,1,2,10,17
660,1,2,1,10,60
473,1,1,2,10,76
506,2,2,2,10,22
424,1,2,2,10,57
445,1,2,1,10,94
454,1,2,2,10,44
529,2,2,2,10,39
430,2,2,2,10,12
490,1,1,2,10,85
557,2,1,2,10,104
532,2,1,2,10,69
702,1,1,1,10,90
495,1,2,2,10,15
757,2,1,1,10,88
610,2,1,1,10,16
643,1,2,1,10,117
637,2,2,2,10,111
705,1,2,1,10,108
451,1,2,2,10,48
595,2,2,2,10,5
855,2,2,1,10,96
688,1,2,2,10,99
719,2,2,2,10,112
800,2,1,2,10,75
1813,1,2,2,10,89
539,2,2,1,10,118
394,1,1,1,10,103
635,1,2,2,10,68
557,2,2,1,10,19
774,2,1,1,10,72
604,2,1,1,10,8
484,2,2,2,10,31
1598,2,2,1,10,6
606,2,2,2,10,114
553,1,1,1,10,14
685,1,2,2,10,93
550,1,1,1,10,110
523,1,2,1,10,34
581,1,1,2,14,9
387,1,1,1,14,23
436,1,1,2,14,85
427,2,1,2,14,75
467,1,2,1,14,92
912,1,2,1,14,24
640,1,2,2,14,83
508,2,1,1,14,116
571,2,1,1,14,28
580,2,1,1,14,80
512,2,1,1,14,88
591,2,2,1,14,46
628,2,1,2,14,47
528,2,2,1,14,118
391,1,1,1,14,30
654,1,2,1,14,60
450,1,1,1,14,86
657,2,2,1,14,1
464,1,2,1,14,66
543,2,1,2,14,69
546,2,1,1,14,49
493,1,2,2,14,48
412,2,1,2,14,98
555,2,1,2,14,13
609,1,2,2,14,68
483,1,1,1,14,103
574,2,2,1,14,70
503,2,1,2,14,102
503,2,2,2,14,63
586,1,2,2,14,10
540,2,2,1,14,40
635,1,2,1,14,94
417,1,2,1,14,117
541,2,2,2,14,82
520,2,1,2,14,27
671,2,2,1,14,19
541,2,2,2,14,18
561,2,1,1,14,84
519,2,2,1,14,79
729,2,2,1,14,42
621,1,1,2,14,41
650,1,1,2,14,25
853,2,2,2,14,111
518,2,1,2,14,38
483,1,1,1,14,65
555,1,2,2,14,113
465,1,2,2,14,15
459,1,2,1,14,4
516,2,2,2,14,109
534,1,2,1,14,87
1044,1,2,1,14,50
580,1,2,2,14,11
747,1,1,2,14,51
541,1,1,2,14,97
635,2,2,2,14,31
506,1,2,1,14,108
617,1,2,2,14,89
480,1,1,1,14,14
491,2,2,1,14,53
497,1,2,2,14,93
537,2,2,1,14,29
511,1,1,1,14,45
514,2,2,1,14,96
699,2,2,1,14,81
527,1,1,2,14,17
856,1,2,2,14,44
589,2,1,1,14,16
483,1,1,2,14,55
510,1,1,2,14,20
741,2,1,1,14,8
486,2,1,1,14,77
421,1,1,1,14,54
530,2,1,2,14,64
614,1,1,2,14,76
534,2,1,2,14,7
535,1,1,2,14,67
736,2,2,2,14,39
493,2,2,2,14,5
674,2,2,2,14,12
529,2,1,1,14,36
541,1,1,1,14,90
507,1,2,2,14,99
627,1,2,1,14,33
550,2,1,2,14,100
522,2,1,2,14,58
706,2,2,2,14,105
587,2,2,1,14,74
483,1,1,1,14,110
562,1,1,1,14,101
620,1,1,2,14,59
475,2,1,1,14,78
445,2,1,1,14,95
551,1,1,2,14,43
643,1,2,1,14,34
618,1,1,1,14,61
971,2,2,2,14,114
554,2,1,2,14,104
423,1,1,1,14,106
709,1,2,2,14,21
535,2,2,2,14,3
595,1,2,2,14,57
596,1,2,1,14,32
530,1,1,1,14,26
583,2,2,2,14,62
1030,2,2,2,14,112
719,2,1,2,14,2
509,1,2,1,14,107
667,2,1,2,22,98
824,2,1,2,22,104
729,2,2,1,22,19
611,1,2,1,22,60
775,2,1,2,22,27
518,1,2,2,22,10
771,2,1,1,22,91
479,1,1,2,22,43
600,2,2,1,22,46
883,1,2,2,22,57
635,2,2,2,22,63
514,1,2,1,22,32
457,1,1,1,22,106
504,1,1,1,22,45
499,2,2,2,22,18
537,1,1,2,22,73
536,1,1,2,22,9
589,2,2,2,22,3
775,1,2,2,22,37
582,1,2,1,22,108
461,1,1,1,22,103
541,1,2,1,22,50
532,2,2,1,22,29
629,1,2,1,22,66
543,2,2,1,22,1
574,2,2,1,22,96
542,1,1,1,22,54
576,2,1,2,22,2
1148,2,1,1,22,77
641,1,1,1,22,65
504,1,2,2,22,68
542,1,2,1,22,24
748,2,2,1,22,81
949,2,2,2,22,109
812,2,1,1,22,88
508,1,2,1,22,117
695,2,2,2,22,62
515,1,1,2,22,76
440,1,1,2,22,41
508,2,1,2,22,64
860,2,1,2,22,100
436,1,2,1,22,4
628,2,2,1,22,42
482,1,2,2,22,44
425,1,2,2,22,48
411,1,1,2,22,17
515,1,1,2,22,59
556,2,1,2,22,69
531,2,1,2,22,102
483,1,1,1,22,30
523,1,1,1,22,23
592,1,2,1,22,34
576,1,2,2,22,11
845,2,2,2,22,5
786,2,2,2,22,105
618,2,2,1,22,118
599,1,2,2,22,56
622,2,2,2,22,111
640,2,1,1,22,8
565,1,2,1,22,107
522,1,1,1,22,14
676,2,2,1,22,53
527,2,2,2,22,112
883,2,1,1,22,95
631,2,1,1,22,36
553,2,1,2,22,38
597,2,2,2,22,39
550,1,1,1,22,110
363,1,1,1,22,101
658,2,2,2,22,82
1312,1,2,2,22,83
788,1,2,1,22,94
630,2,2,2,22,114
545,2,1,1,22,80
532,2,1,2,22,75
488,1,1,2,22,97
963,1,2,2,22,113
624,1,2,2,22,99
520,2,2,1,22,79
589,2,1,2,22,47
581,1,1,2,22,25
503,1,2,2,22,93
511,1,2,1,22,33
884,2,2,1,22,40
685,2,1,1,22,28
466,1,1,2,22,51
648,2,2,1,22,70
674,1,2,2,22,89
543,2,1,2,22,58
641,1,1,2,22,20
673,2,1,1,22,16
1439,1,1,1,22,86
592,1,2,1,22,87
725,2,2,1,22,74
718,2,1,2,22,13
546,2,1,1,22,78
987,2,1,2,22,35
648,1,2,2,22,21
559,2,1,1,22,84
660,1,1,2,22,67
537,2,2,2,22,12
616,2,1,1,22,116
817,2,1,2,24,69
435,1,1,2,24,43
488,1,2,1,24,87
491,2,2,1,24,46
394,1,1,1,24,86
425,1,1,1,24,65
394,1,2,1,24,32
516,1,1,2,24,25
596,2,1,1,24,116
587,1,1,2,24,51
458,1,1,2,24,41
1230,2,2,2,24,105
1572,2,1,2,24,35
685,2,1,1,24,78
652,2,1,2,24,75
596,2,1,2,24,2
529,2,1,2,24,104
462,1,1,2,24,20
538,1,2,2,24,113
734,2,2,1,24,81
464,2,1,1,24,16
1070,2,1,1,24,80
733,2,2,2,24,112
475,1,2,1,24,94
1092,2,1,1,24,95
687,2,1,1,24,77
492,1,2,2,24,21
582,2,2,2,24,22
523,2,1,1,24,84
511,1,1,1,24,110
552,1,1,1,24,103
571,1,2,1,24,50
486,1,1,1,24,45
515,1,2,2,24,10
491,2,2,1,24,79
536,2,2,1,24,19
558,1,2,1,24,66
532,1,2,1,24,92
418,1,1,2,24,9
379,1,1,1,24,54
581,2,2,2,24,62
437,2,2,2,24,3
476,1,2,2,24,56
527,1,1,2,24,59
437,1,1,1,24,14
417,1,1,2,24,97
463,1,2,1,24,33
764,2,2,2,24,109
812,2,1,1,24,91
542,1,2,2,24,48
535,2,2,1,24,42
470,2,2,2,24,12
502,1,1,2,24,73
504,2,2,1,24,74
1429,2,1,2,24,64
716,1,1,2,24,76
470,1,2,1,24,52
682,2,1,2,24,100
560,2,1,2,24,27
506,1,1,1,24,61
431,2,1,1,24,8
530,2,1,2,24,13
454,2,2,1,24,1
490,1,1,2,24,67
542,2,2,1,24,53
540,2,2,1,24,96
533,2,1,1,24,36
780,1,1,1,24,23
595,2,2,2,24,39
608,1,2,1,24,34
422,2,2,2,24,31
497,1,2,2,24,57
518,2,2,1,24,6
533,1,2,2,24,68
436,1,2,1,24,108
470,2,2,1,24,118
475,2,2,2,24,18
569,1,1,2,24,55
449,2,1,2,24,98
510,2,2,1,24,70
742,2,1,1,24,88
548,2,2,2,24,111
536,1,2,2,24,89
619,1,2,2,24,83
490,1,2,1,24,107
727,1,1,1,24,90
526,2,1,2,24,7
412,1,2,1,24,4
458,1,1,2,24,17
495,2,2,1,24,29
456,2,2,1,24,40
437,1,2,1,24,24
479,2,1,2,24,38
516,1,2,2,24,11
414,2,1,2,24,102
421,1,2,2,24,37
404,2,2,2,24,114
433,2,2,2,24,63
789,2,2,1,24,71
410,1,2,2,24,15
374,1,2,2,24,44
513,1,2,1,24,117
395,1,1,1,24,106
528,1,2,2,24,93
719,2,1,1,24,49
705,2,2,2,24,5
678,1,2,1,26,52
657,2,2,1,26,118
784,2,1,2,26,35
730,2,1,2,26,47
685,2,2,2,26,109
613,2,2,1,26,96
1001,2,1,2,26,27
627,1,1,2,26,76
645,1,2,2,26,56
678,2,2,2,26,111
564,2,2,1,26,70
553,1,2,1,26,60
734,1,2,1,26,33
709,2,2,2,26,39
684,2,2,2,26,12
594,1,1,1,26,110
633,2,1,1,26,78
404,1,1,1,26,103
694,2,1,2,26,98
831,1,1,1,26,90
810,1,1,1,26,23
652,1,1,2,26,41
667,1,2,1,26,34
1004,1,1,1,26,26
736,1,2,1,26,92
498,1,1,2,26,97
847,2,2,2,26,31
504,2,2,2,26,114
553,1,1,1,26,54
923,2,2,2,26,82
544,2,2,2,26,3
526,1,1,1,26,65
512,1,2,1,26,94
697,2,2,2,26,112
1119,2,2,2,26,22
781,2,2,1,26,6
934,2,1,1,26,49
517,2,1,1,26,8
687,1,2,2,26,93
735,2,1,1,26,28
746,2,1,1,26,80
577,2,1,2,26,7
537,2,2,1,26,81
715,2,2,2,26,105
725,2,1,2,26,58
526,1,1,2,26,9
561,1,2,2,26,83
563,1,2,1,26,107
529,2,2,2,26,62
569,1,2,2,26,68
563,1,2,1,26,50
788,1,2,1,26,24
509,2,1,2,26,102
570,2,2,1,26,74
634,1,1,1,26,30
796,2,1,2,26,2
470,2,2,1,26,46
513,1,2,1,26,117
524,1,2,2,26,57
525,1,2,1,26,4
484,1,1,1,26,106
448,1,1,2,26,20
966,2,1,2,26,64
655,2,2,2,26,18
603,1,1,2,26,73
534,1,2,2,26,37
547,2,2,1,26,19
709,2,1,2,26,100
749,2,2,1,26,53
467,1,1,1,26,101
648,2,1,1,26,116
632,2,2,1,26,1
534,1,2,2,26,15
522,1,2,2,26,89
516,2,1,2,26,38
575,1,2,1,26,108
507,1,2,1,26,32
515,1,2,2,26,48
658,2,1,1,26,84
756,1,1,2,26,55
647,2,2,1,26,29
537,2,2,1,26,79
604,2,1,1,26,16
468,1,1,1,26,45
564,1,1,1,26,86
727,2,1,1,26,77
635,1,2,2,26,99
643,2,1,2,26,75
550,2,1,1,26,36
475,2,1,2,26,13
702,1,2,2,26,113
669,1,2,1,26,66
650,2,1,1,26,88
445,1,2,2,26,11
567,1,1,1,26,115
473,1,1,2,26,43
420,1,1,2,26,25
557,2,1,1,26,91
430,1,2,2,26,44
464,1,1,1,26,14
731,2,2,2,26,63
529,2,1,1,26,95
548,1,2,2,26,10
510,2,1,2,26,69
450,1,1,2,26,59
423,1,1,2,26,17
799,1,2,1,26,87
500,1,2,2,26,21
548,2,2,1,26,42
873,2,2,2,26,5
409,1,1,2,26,67
1080,2,1,1,27,8
744,1,2,2,27,15
540,2,1,1,27,36
525,1,2,1,27,107
538,2,1,2,27,38
553,2,2,1,27,96
710,2,1,2,27,47
603,1,1,1,27,115
545,2,1,2,27,69
569,2,2,1,27,74
556,1,2,1,27,34
713,2,2,2,27,114
706,2,1,2,27,7
605,2,1,2,27,100
486,1,2,1,27,108
737,2,2,1,27,6
529,2,1,1,27,91
550,1,2,1,27,117
600,1,2,2,27,93
454,1,1,1,27,54
558,1,1,1,27,90
565,2,1,1,27,84
614,2,2,1,27,118
462,1,1,1,27,23
526,2,2,2,27,18
483,1,2,2,27,89
463,2,1,2,27,102
492,2,2,2,27,111
465,1,1,2,27,76
545,1,2,2,27,44
859,2,2,1,27,71
595,1,1,1,27,101
787,2,1,2,27,104
503,1,2,1,27,50
545,1,1,1,27,86
501,2,1,2,27,27
494,2,1,2,27,13
501,1,2,1,27,32
373,1,1,1,27,30
575,1,1,1,27,61
388,1,1,2,27,97
429,1,1,2,27,20
445,1,1,1,27,106
393,2,2,1,27,1
388,1,1,2,27,59
445,1,2,1,27,24
374,1,1,2,27,43
463,2,2,1,27,46
455,2,1,1,27,80
618,2,1,1,27,49
540,1,1,2,27,85
527,2,2,2,27,112
564,2,2,2,27,63
424,1,1,2,27,73
488,2,1,1,27,28
386,1,1,1,27,14
361,1,1,2,27,17
444,2,2,1,27,81
511,2,1,2,27,98
450,1,2,2,27,68
484,2,2,2,27,22
430,1,2,1,27,92
465,2,2,1,27,40
438,2,1,1,27,77
694,1,1,2,27,55
517,1,2,2,27,56
521,2,2,2,27,5
421,1,1,1,27,65
575,1,2,1,27,60
447,1,2,2,27,11
474,2,2,2,27,62
548,2,2,2,27,105
497,1,2,1,27,94
501,2,2,2,27,109
436,2,1,2,27,64
467,1,2,1,27,87
366,1,1,1,27,45
385,1,1,1,27,110
526,2,1,1,27,88
456,1,2,2,27,113
451,1,1,2,27,41
826,2,1,2,27,75
493,1,2,2,27,21
534,1,2,2,27,57
427,1,1,2,27,51
435,1,2,2,27,48
409,1,2,2,27,83
469,2,2,2,27,12
476,2,2,1,27,19
446,2,2,1,27,29
477,1,2,2,27,10
587,2,2,2,27,82
655,2,1,1,27,95
496,2,2,2,27,3
533,1,1,2,27,67
532,2,2,1,27,79
490,2,1,1,27,116
592,2,1,1,27,16
460,2,1,2,27,2
575,1,2,2,27,99
466,1,2,2,27,37
472,2,1,2,27,35
434,1,1,2,27,25
441,2,1,1,27,78
407,1,2,1,27,66
495,2,2,1,27,70
427,2,2,2,27,39
480,2,2,1,27,53
838,2,2,2,27,31
403,1,1,2,27,9
633,1,2,1,27,33
467,1,2,1,27,4
974,1,2,1,27,52
698,2,2,1,27,42
707,2,1,2,27,58
455,1,1,1,27,103
667,2,1,2,28,58
480,1,2,1,28,117
421,1,1,1,28,110
530,2,2,2,28,112
644,2,1,1,28,8
659,2,2,1,28,96
510,1,2,2,28,56
495,2,1,1,28,91
459,2,2,1,28,29
403,2,1,2,28,38
459,2,2,1,28,70
351,1,1,2,28,17
406,1,1,1,28,106
475,2,1,2,28,2
620,1,2,1,28,108
474,1,2,2,28,21
705,2,1,1,28,88
764,1,1,2,28,55
550,1,2,1,28,33
453,1,2,2,28,48
835,2,1,2,28,47
718,2,1,1,28,116
461,1,1,1,28,65
483,2,2,1,28,53
481,1,2,1,28,4
608,2,2,2,28,111
489,2,2,1,28,74
728,2,2,2,28,63
719,1,2,1,28,50
475,1,2,2,28,93
467,2,1,2,28,102
1028,2,1,1,28,77
446,1,2,1,28,32
1408,2,2,2,28,5
590,1,2,2,28,89
408,1,1,1,28,54
918,2,2,1,28,46
747,2,1,2,28,27
425,2,2,2,28,39
441,2,1,1,28,36
424,2,2,1,28,42
551,2,1,1,28,78
485,1,1,1,28,86
609,2,2,2,28,114
1050,2,2,1,28,79
464,1,2,1,28,24
463,2,1,2,28,69
738,1,2,2,28,99
506,2,2,1,28,81
496,2,2,2,28,62
456,1,1,2,28,76
631,1,1,2,28,25
555,1,1,1,28,45
854,1,2,2,28,37
937,2,2,2,28,82
627,2,2,1,28,19
905,1,2,2,28,57
541,1,2,2,28,83
568,1,2,1,28,60
527,1,2,2,28,68
410,1,1,1,28,23
591,1,1,1,28,30
806,1,1,1,28,14
576,2,1,1,28,84
596,1,1,2,28,97
558,2,1,1,28,80
556,1,2,2,28,10
621,2,2,1,28,71
870,2,2,2,28,105
478,2,1,2,28,13
823,2,1,1,28,16
420,1,1,2,28,9
725,1,2,2,28,113
696,1,2,1,28,94
589,1,2,2,28,44
526,1,1,1,28,61
400,1,1,2,28,20
635,1,1,1,28,90
673,2,1,1,28,95
662,2,2,2,28,109
538,1,2,1,28,34
457,2,2,2,28,3
443,1,1,2,28,67
526,2,2,1,28,1
416,1,2,1,28,92
537,2,1,2,28,100
469,1,2,2,28,15
471,2,2,2,28,31
490,1,1,1,28,103
456,1,1,2,28,43
966,1,1,1,28,101
540,1,1,2,28,51
709,2,2,2,28,12
864,1,2,1,28,87
802,2,1,1,28,49
442,1,1,2,28,59
462,1,1,2,28,41
472,1,2,1,28,107
505,2,1,2,28,64
698,2,1,2,28,75
545,2,2,2,28,18
504,2,1,2,28,7
471,2,1,2,28,98
507,2,2,1,28,40
455,1,2,1,28,66
1145,2,1,1,28,28
840,1,1,2,29,59
1259,1,1,1,29,54
906,2,2,2,29,39
771,2,2,1,29,40
802,1,2,1,29,66
1202,1,2,2,29,99
578,1,1,2,29,97
1201,1,1,2,29,85
1067,1,1,2,29,55
940,2,1,1,29,8
1239,2,2,2,29,18
1024,1,1,1,29,101
816,2,1,2,29,104
1165,1,1,1,29,26
1022,1,2,2,29,68
791,1,2,2,29,56
1168,2,2,1,29,1
1878,2,2,1,29,71
883,2,2,2,29,31
681,1,1,1,29,23
1175,1,2,2,29,93
701,2,2,2,29,3
619,1,1,2,29,73
1259,2,2,1,29,79
1270,2,1,1,29,72
1254,2,2,2,29,109
933,1,1,1,29,86
604,2,2,2,29,112
632,2,1,2,29,2
643,1,2,1,29,4
684,1,2,1,29,117
967,1,2,1,29,50
666,2,2,1,29,74
676,2,1,1,29,36
1961,1,1,2,29,41
867,1,1,2,29,9
747,2,1,2,29,38
997,2,2,1,29,53
1201,2,1,1,29,91
749,1,1,2,29,43
745,2,2,2,29,82
1531,1,1,1,29,61
636,1,2,1,29,92
849,1,1,1,29,106
750,1,2,1,29,94
700,2,1,2,29,100
1161,2,1,2,29,69
730,2,1,1,29,78
622,2,2,1,29,70
586,2,1,2,29,98
858,1,2,2,29,57
1000,1,2,2,29,113
944,1,1,2,29,67
1033,2,1,1,29,116
1826,2,2,2,29,12
1192,2,2,1,29,96
732,2,1,2,29,75
1920,1,1,2,29,17
815,2,1,1,29,88
1921,1,1,2,29,25
720,2,1,2,29,58
1059,2,1,2,29,64
570,1,1,1,29,30
1522,1,2,1,29,52
1049,2,2,2,29,22
775,1,2,1,29,32
802,2,1,1,29,77
1848,1,1,1,29,45
1869,2,1,2,29,13
859,2,2,1,29,29
1818,1,1,1,29,110
742,1,2,2,29,48
728,2,2,1,29,46
1614,1,1,2,29,20
784,1,2,2,29,11
980,1,1,2,29,51
877,2,1,2,29,27
902,1,2,2,29,44
1021,1,1,1,29,14
1038,2,1,1,29,80
1076,2,1,1,29,95
938,1,1,2,29,76
935,1,1,1,29,65
1326,1,2,1,29,87
1667,1,1,1,29,103
1102,1,2,1,29,33
982,2,1,2,29,7
887,2,2,2,29,63
783,2,2,2,29,114
1331,1,2,1,29,108
546,2,2,1,29,81
829,2,2,2,29,105
926,1,2,2,29,89
517,2,1,2,8,15
516,1,1,2,8,22
504,2,1,2,8,44
555,1,2,1,8,36
668,2,1,2,8,68
491,1,1,2,8,109
574,2,2,1,8,86
634,1,2,2,8,2
643,2,1,2,8,99
430,1,1,1,8,40
870,2,1,2,8,113
506,1,2,1,8,78
554,2,2,2,8,20
649,2,2,1,8,14
589,2,2,1,8,103
533,2,2,2,8,9
448,2,1,1,8,50
517,2,2,2,8,97
458,1,2,1,8,8
539,2,1,1,8,117
458,1,1,1,8,74
447,1,1,1,8,1
427,2,2,1,8,106
507,2,2,1,8,30
487,1,1,1,8,96
509,2,2,1,8,23
873,2,1,1,8,87
546,1,1,2,8,112
554,1,2,1,8,95
526,2,2,1,8,45
598,2,1,2,8,37
457,2,1,2,8,89
437,1,1,2,8,31
614,1,2,2,8,102
678,1,1,2,8,62
549,2,1,1,8,24
428,1,1,2,8,105
512,1,2,2,8,98
507,2,2,2,8,43
528,1,2,1,8,84
474,1,1,2,8,3
489,2,1,1,8,108
431,1,1,1,8,29
910,1,1,1,8,53
547,1,2,1,8,16
815,1,1,1,8,6
660,2,2,1,8,61
511,1,1,2,8,18
466,1,2,2,8,13
689,1,2,2,8,104
516,1,1,2,8,82
463,2,1,1,8,94
459,1,1,1,8,70
575,2,2,2,8,55
688,2,1,1,8,33
515,2,2,1,8,54
538,2,2,2,8,41
602,2,1,1,8,34
510,2,1,1,8,107
659,1,2,1,8,91
498,2,1,1,8,60
814,2,2,2,8,73
558,1,2,2,8,75
536,2,1,1,8,92
618,2,2,2,8,25
469,1,1,2,8,114
488,2,1,1,8,4
480,1,2,2,8,27
521,2,1,1,8,66
570,2,1,2,8,93
501,1,2,2,8,38
507,2,1,2,8,56
450,1,1,1,8,46
559,1,2,1,8,80
551,1,2,2,8,7
538,1,1,2,8,63
526,1,2,1,8,77
494,1,2,1,8,28
527,2,1,1,8,32
465,1,1,1,8,42
537,2,2,1,8,65
417,1,1,1,8,79
419,1,1,1,8,81
494,2,1,2,8,48
491,2,2,2,8,76
804,2,2,2,8,59
517,2,1,2,8,10
621,2,2,1,8,101
443,2,1,2,8,21
481,2,1,2,8,57
522,1,1,1,8,19
543,1,1,1,8,118
518,2,2,1,8,110
546,1,2,2,8,69
456,1,1,2,8,111
487,1,1,1,8,71
785,1,2,1,8,88
438,1,1,2,8,39
435,1,1,2,8,12
517,1,2,1,8,116
557,2,2,2,8,51
830,1,2,2,12,13
547,2,1,1,12,117
819,1,1,2,12,105
419,1,1,1,12,118
741,1,2,2,12,104
474,1,2,1,12,91
694,2,2,2,12,41
686,1,2,2,12,7
546,2,1,2,12,89
564,2,1,1,12,94
580,2,2,1,12,23
609,1,1,1,12,71
601,2,2,2,12,67
762,2,1,2,12,37
412,1,1,1,12,29
410,1,1,1,12,96
761,2,1,2,12,56
707,1,1,1,12,53
1150,1,1,1,12,6
1016,2,2,1,12,26
773,1,1,1,12,1
870,1,1,2,12,109
720,2,2,1,12,103
484,2,1,2,12,10
546,1,1,2,12,62
592,2,1,2,12,83
642,2,1,1,12,87
1041,1,2,1,12,95
564,1,2,1,12,116
542,2,2,1,12,30
626,1,1,1,12,74
522,2,1,1,12,4
863,1,2,2,12,58
547,1,1,2,12,18
631,1,2,2,12,75
643,1,1,1,12,40
551,1,2,1,12,16
471,2,1,1,12,34
487,1,2,1,12,78
535,1,1,2,12,3
503,1,2,2,12,98
696,2,2,2,12,59
1059,2,2,2,12,85
511,1,2,2,12,64
573,2,1,1,12,66
522,2,1,1,12,50
547,2,2,1,12,101
530,2,2,2,12,20
689,1,1,2,12,111
658,2,1,2,12,68
489,2,2,1,12,106
516,1,1,1,12,81
525,1,2,1,12,36
583,2,2,2,12,55
515,1,2,2,12,27
639,1,2,2,12,47
566,2,1,1,12,92
513,1,2,1,12,8
611,1,2,1,12,84
620,1,2,2,12,102
748,2,2,2,12,76
605,2,2,1,12,45
661,2,2,2,12,43
383,1,1,2,12,39
583,1,1,1,12,70
637,2,2,1,12,54
650,2,1,1,12,107
635,1,1,2,12,82
537,2,2,2,12,25
912,1,2,1,12,28
738,1,2,2,12,100
538,2,1,1,12,33
525,2,1,2,12,44
525,2,2,2,12,51
596,1,2,1,12,88
819,1,2,1,12,49
574,1,2,1,12,80
558,2,1,2,12,93
368,1,1,1,12,79
739,2,2,1,12,65
531,2,1,2,12,57
515,1,1,2,12,63
507,1,2,1,12,77
476,1,1,2,12,12
695,2,1,1,12,60
538,2,1,2,12,21
464,1,1,1,12,42
626,1,1,1,12,19
616,2,1,1,12,108
547,1,2,2,12,38
603,1,1,2,12,114
492,1,1,2,12,31
595,2,1,1,12,24
651,2,1,1,12,32
864,2,2,1,12,90
1276,2,2,2,12,73
529,1,2,2,12,69
629,2,2,1,12,86
578,2,1,2,12,15
590,2,1,2,12,11
579,2,2,2,12,9
409,1,1,2,12,112
505,2,2,1,12,110
604,2,1,2,12,99
560,2,1,2,12,48
502,1,1,2,12,5
670,1,2,2,12,2
542,2,1,2,12,113
505,2,2,2,12,97
528,1,1,1,12,46
646,2,1,1,13,107
822,1,2,2,13,2
496,2,2,1,13,110
743,2,2,1,13,86
744,2,2,1,13,65
692,2,1,1,13,4
526,2,2,2,13,41
809,1,2,2,13,35
621,2,1,2,13,21
604,2,1,2,13,68
573,1,1,1,13,29
605,1,2,1,13,84
707,2,2,2,13,25
640,1,2,1,13,8
1068,1,2,2,13,58
516,1,1,2,13,39
594,1,1,2,13,114
515,1,1,1,13,42
478,1,1,2,13,5
657,1,2,1,13,16
535,1,2,1,13,77
476,1,1,2,13,12
761,1,2,1,13,28
489,1,2,2,13,75
560,1,1,1,13,53
607,2,1,1,13,87
541,2,1,1,13,34
518,2,2,2,13,73
572,1,2,2,13,98
592,2,1,2,13,89
432,1,1,1,13,46
720,2,2,2,13,20
607,2,1,2,13,57
705,2,1,1,13,50
532,2,1,1,13,108
563,1,1,2,13,31
1040,1,2,2,13,47
985,1,1,2,13,105
663,2,2,1,13,23
631,1,1,2,13,18
668,1,1,2,13,112
818,1,1,2,13,3
563,1,1,1,13,79
716,2,2,2,13,9
492,2,2,1,13,101
549,1,1,1,13,1
642,1,1,1,13,118
650,1,2,1,13,91
883,1,1,1,13,19
753,2,2,2,13,43
442,1,2,2,13,27
500,1,2,2,13,102
1168,2,2,2,13,85
648,1,1,2,13,82
447,2,1,2,13,48
674,2,2,1,13,54
684,1,2,1,13,80
602,1,2,2,13,69
1084,1,1,2,13,111
558,2,2,2,13,51
716,2,2,1,13,103
1128,2,1,2,13,83
857,1,2,2,13,100
533,2,1,2,13,113
812,1,1,1,13,70
566,2,2,1,13,30
500,2,1,1,13,92
679,2,1,2,13,56
734,1,1,1,13,74
1035,2,1,2,13,99
718,1,2,1,13,116
1376,2,1,2,13,11
803,2,2,1,13,106
683,1,2,2,13,13
764,1,1,1,13,96
409,1,2,1,13,78
419,2,1,1,13,66
833,2,2,2,13,67
508,2,1,2,13,10
638,1,2,1,13,95
729,1,2,2,13,38
525,1,2,1,13,36
819,1,1,2,13,63
486,2,2,2,13,97
1599,1,2,2,13,64
967,2,1,2,13,37
698,2,1,1,13,32
721,2,1,2,13,15
1416,2,2,2,13,59
910,1,2,2,13,7
542,2,1,1,13,117
480,2,1,1,13,94
684,1,1,1,13,81
836,2,2,1,13,90
439,1,1,2,13,109
547,2,1,1,13,24
822,1,2,1,13,88
621,2,1,2,13,93
766,1,1,2,13,22
1475,1,1,2,13,62
622,2,1,1,13,33
577,1,1,1,13,40
558,2,1,1,13,60
618,2,2,1,13,14
775,2,2,1,13,45
637,2,1,2,13,44
530,2,1,2,2,15
488,2,1,2,2,99
452,1,1,1,2,40
508,2,1,1,2,24
576,1,2,1,2,36
536,2,2,1,2,115
563,2,2,1,2,86
506,2,1,2,2,89
507,2,2,1,2,30
478,1,1,2,2,111
497,1,1,1,2,53
408,1,1,2,2,12
494,2,1,2,2,10
492,2,1,2,2,44
592,1,1,1,2,6
738,2,2,2,2,67
545,2,1,1,2,66
532,2,1,2,2,48
532,2,1,1,2,34
648,1,2,2,2,47
557,1,2,1,2,72
525,1,2,1,2,77
606,2,2,1,2,23
511,1,1,1,2,74
617,1,1,2,2,62
571,2,2,1,2,14
464,1,2,2,2,100
462,1,2,2,2,27
618,2,2,2,2,41
496,2,1,1,2,94
819,1,2,1,2,8
653,1,1,2,2,105
808,2,2,2,2,76
585,2,1,1,2,108
576,2,2,2,2,20
588,2,1,2,2,68
607,1,2,1,2,28
531,1,1,2,2,22
495,1,2,1,2,16
418,1,1,2,2,82
515,1,1,1,2,46
520,2,1,1,2,33
507,1,1,2,2,109
563,2,2,2,2,51
705,2,1,1,2,52
628,2,2,1,2,101
597,2,2,1,2,45
682,1,1,2,2,31
596,2,2,1,2,54
620,1,2,2,2,13
739,2,1,2,2,83
543,2,1,2,2,11
557,2,1,1,2,107
543,2,2,2,2,43
504,2,1,2,2,113
1005,2,2,2,2,85
618,2,2,2,2,97
573,1,1,2,2,18
517,1,2,2,2,69
892,2,2,2,2,55
466,1,1,2,2,114
490,1,2,1,2,91
689,2,2,2,2,73
551,2,2,2,2,25
405,1,1,1,2,79
601,1,2,1,2,80
514,1,1,2,2,112
610,1,2,2,2,35
570,1,2,2,2,7
1118,1,2,2,2,58
606,2,1,1,2,32
509,1,1,2,2,3
656,2,1,1,2,60
384,1,1,1,2,70
496,2,2,1,2,110
394,2,1,2,2,37
396,2,2,2,2,59
619,1,2,1,2,95
504,2,2,1,2,103
416,1,1,2,2,39
600,1,2,1,2,84
605,1,1,1,2,71
1267,2,1,1,2,92
561,2,2,2,2,9
522,2,2,1,2,26
678,2,1,2,2,93
986,1,2,1,2,88
629,1,2,2,2,104
614,1,2,2,2,98
669,2,1,1,2,117
633,2,1,2,2,57
681,1,1,2,2,63
590,2,2,2,2,17
573,1,2,1,2,78
504,1,1,1,2,19
579,1,1,1,2,96
694,2,1,1,2,87
565,1,2,2,2,64
1796,1,2,1,2,49
1278,1,1,1,2,42
598,2,1,1,2,4
571,2,2,1,2,90
701,2,2,1,2,61
596,2,2,1,2,65
925,1,1,2,2,5
520,1,2,1,2,116
539,2,2,1,2,106
610,1,1,1,2,118
520,1,2,2,2,102
536,1,2,2,2,2
568,1,1,1,2,1
638,1,1,1,2,29
483,1,2,2,2,38
778,1,2,2,2,75
632,2,1,2,2,56
956,2,1,1,2,50
591,1,1,1,2,81
550,2,1,2,2,21
622,1,1,2,16,62
554,1,2,1,16,77
439,1,2,2,16,100
895,1,2,2,16,47
657,2,2,1,16,23
585,2,2,1,16,106
455,1,1,2,16,12
490,2,1,1,16,50
545,2,1,1,16,108
487,1,1,1,16,71
450,1,1,2,16,111
493,1,2,1,16,95
469,1,1,1,16,118
669,2,2,1,16,90
695,1,2,1,16,72
520,1,1,2,16,31
458,1,1,2,16,63
485,2,1,2,16,56
525,2,1,2,16,10
492,1,1,1,16,1
716,1,1,1,16,96
479,2,1,2,16,57
516,2,2,2,16,25
520,1,1,1,16,46
524,2,2,2,16,41
477,1,1,1,16,81
640,2,2,2,16,20
457,1,1,2,16,114
536,2,1,1,16,24
456,2,2,1,16,65
452,2,1,1,16,94
636,2,1,2,16,83
632,2,2,2,16,55
554,2,2,1,16,101
555,2,2,2,16,73
461,2,1,2,16,68
448,1,1,2,16,105
516,1,2,1,16,36
543,1,2,1,16,84
551,1,2,2,16,75
572,1,2,1,16,78
1433,1,1,1,16,6
636,1,2,1,16,28
579,2,1,1,16,87
796,1,2,1,16,91
522,1,1,2,16,18
914,2,2,1,16,61
560,2,2,1,16,14
452,1,1,1,16,19
469,2,2,1,16,54
738,2,1,2,16,113
666,2,2,1,16,45
470,2,1,1,16,4
478,2,1,1,16,107
561,2,1,2,16,99
620,1,2,1,16,8
483,2,2,1,16,30
583,1,2,2,16,27
483,2,1,2,16,37
508,2,1,2,16,11
753,2,2,2,16,67
600,1,2,2,16,2
736,2,1,1,16,92
606,1,1,1,16,53
693,2,1,2,16,93
454,2,2,2,16,76
467,1,2,2,16,13
428,2,1,2,16,21
395,1,1,1,16,40
499,2,1,1,16,60
552,2,1,1,16,117
486,2,2,2,16,97
553,2,1,2,16,48
474,1,1,1,16,70
420,1,2,2,16,69
616,1,2,2,16,7
405,1,1,1,16,74
537,2,2,1,16,110
533,1,1,2,16,3
1039,2,2,2,16,85
461,2,2,2,16,43
546,2,2,2,16,51
623,2,2,2,16,59
370,1,1,1,16,29
464,1,2,2,16,38
417,1,1,2,16,109
565,1,2,1,16,16
498,2,1,2,16,15
466,1,1,1,16,79
434,2,1,1,16,33
373,1,1,1,16,42
479,2,2,2,16,9
589,2,2,1,16,86
487,1,1,2,16,112
448,2,1,2,16,44
872,1,2,2,16,104
720,1,2,1,16,80
806,1,2,1,16,116
561,1,2,2,16,64
588,1,2,1,16,88
805,1,2,1,16,49
1082,2,1,1,16,32
1146,2,2,1,16,103
745,2,1,1,16,52
438,1,1,2,16,82
407,1,1,2,16,39
737,2,1,2,16,89
784,1,1,2,16,5
742,2,2,1,16,115
485,2,1,1,16,66
603,1,2,2,16,58
439,2,1,1,16,34
600,1,2,2,16,102
622,1,1,2,16,22
520,1,2,2,16,98
719,2,2,1,19,90
642,1,1,1,19,40
839,1,1,2,19,62
630,1,1,2,19,114
502,2,1,2,19,21
986,1,1,2,19,5
458,1,1,1,19,79
673,2,1,1,19,34
938,1,2,2,19,75
631,1,1,2,19,31
558,2,1,1,19,94
548,1,2,1,19,78
588,1,2,2,19,13
491,1,2,2,19,98
1273,2,2,2,19,67
595,2,2,2,19,43
745,1,2,2,19,58
593,2,2,1,19,23
563,1,2,1,19,84
499,1,1,1,19,96
673,2,2,2,19,25
448,1,1,2,19,3
665,2,2,1,19,54
553,2,1,2,19,10
507,2,1,1,19,33
783,2,2,2,19,59
616,1,2,1,19,8
1471,2,1,1,19,24
448,2,1,2,19,48
530,1,2,1,19,16
528,1,1,1,19,81
494,1,1,2,19,112
431,1,1,1,19,70
650,2,1,2,19,99
789,2,2,1,19,115
668,1,1,1,19,6
521,1,2,1,19,77
529,2,1,2,19,15
582,2,2,1,19,110
952,2,2,1,19,45
467,1,2,2,19,102
422,2,1,2,19,44
476,2,1,1,19,4
940,1,2,2,19,104
722,1,1,2,19,63
508,1,1,2,19,39
473,1,1,1,19,29
909,2,2,2,19,20
504,2,1,1,19,32
963,1,1,2,19,22
463,2,1,1,19,92
443,2,2,1,19,101
702,2,1,2,19,56
822,2,1,2,19,113
638,2,1,1,19,87
557,2,2,2,19,73
930,2,1,1,19,60
759,2,2,2,19,41
894,1,2,2,19,100
577,2,2,1,19,65
564,1,2,2,19,38
444,1,2,2,19,64
1653,2,2,2,19,85
654,2,2,1,19,86
899,1,1,2,19,18
497,1,1,1,19,42
489,2,2,1,19,30
990,1,2,1,19,91
743,1,2,1,19,28
1339,1,2,1,19,80
573,1,2,2,19,69
926,1,1,1,19,1
428,1,2,1,19,36
536,2,2,2,19,9
508,2,1,2,19,37
577,2,2,2,19,76
475,1,1,2,19,82
524,2,2,2,19,97
491,1,2,1,19,116
690,1,2,1,19,72
508,1,2,1,19,95
517,2,1,1,19,66
479,2,1,1,19,50
1026,2,2,1,19,26
471,1,1,1,19,74
436,1,1,1,19,46
666,2,2,1,19,103
527,1,2,2,19,2
390,1,1,2,19,12
499,2,1,1,19,108
430,1,1,2,19,111
511,2,1,2,19,89
418,1,1,1,19,19
683,2,1,2,19,68
837,2,1,1,19,117
651,2,1,2,19,93
522,2,2,2,19,51
437,1,1,1,19,53
516,1,2,2,19,7
488,2,2,1,19,106
567,1,1,2,19,105
381,1,1,2,19,109
597,2,1,1,19,107
484,2,1,2,19,57
494,1,2,2,19,35
504,1,1,1,19,118
618,2,1,1,19,52
807,1,2,1,19,49
780,2,2,1,19,61
506,1,2,1,19,88
508,1,1,2,21,31
531,2,1,2,21,93
584,2,2,2,21,85
624,2,2,2,21,9
363,1,1,1,21,79
812,2,2,2,21,67
837,1,1,2,21,39
515,1,2,1,21,8
595,1,1,2,21,62
862,2,1,2,21,56
749,2,2,1,21,103
567,2,1,2,21,37
534,1,2,2,21,64
763,2,2,1,21,65
779,1,2,1,21,16
785,1,2,2,21,7
555,1,1,2,21,82
673,2,2,1,21,115
730,1,1,2,21,18
685,1,1,2,21,109
700,2,2,2,21,59
625,1,1,2,21,114
430,1,1,2,21,12
591,1,2,1,21,80
555,1,1,1,21,42
543,1,1,1,21,19
638,2,2,1,21,101
765,2,2,1,21,30
511,2,2,2,21,76
633,2,1,1,21,50
721,1,1,1,21,71
637,1,2,1,21,91
447,1,1,2,21,3
394,1,1,2,21,112
488,2,2,1,21,45
402,2,1,1,21,108
604,1,1,1,21,81
636,2,1,1,21,94
538,2,1,2,21,15
597,1,2,1,21,88
489,2,2,2,21,51
590,2,2,1,21,54
431,1,1,1,21,118
587,2,2,2,21,43
455,1,1,1,21,53
574,2,1,1,21,117
592,2,1,2,21,83
484,1,1,1,21,46
573,2,1,1,21,34
419,1,2,2,21,69
505,1,1,1,21,1
584,1,2,2,21,13
476,2,1,1,21,107
481,1,1,2,21,22
621,1,1,1,21,6
483,2,2,1,21,23
630,2,1,2,21,99
637,1,1,1,21,29
500,1,1,2,21,5
526,1,1,1,21,96
905,1,2,2,21,35
706,2,2,2,21,41
719,2,2,2,21,55
909,1,1,2,21,111
514,2,1,1,21,66
465,1,1,2,21,63
575,1,2,2,21,2
566,2,1,2,21,113
554,2,2,2,21,73
643,1,2,2,21,102
581,1,2,2,21,75
414,2,1,1,21,4
527,2,2,2,21,97
558,1,2,1,21,77
419,1,2,1,21,36
449,2,1,1,21,33
408,1,2,1,21,84
473,2,1,2,21,89
436,2,1,2,21,68
437,2,1,2,21,10
451,2,1,1,21,92
737,2,2,1,21,61
675,1,2,1,21,72
500,1,2,2,21,38
476,2,2,1,21,86
533,2,1,2,21,48
537,1,1,1,21,74
557,2,1,2,21,57
451,1,2,2,21,98
547,1,2,1,21,28
494,1,2,1,21,78
495,2,1,1,21,32
602,2,1,1,21,24
440,2,1,2,21,21
605,1,2,1,21,116
504,2,2,1,21,14
456,1,2,2,21,27
451,2,1,2,21,44
505,2,2,1,21,110
1457,2,1,1,21,87
560,1,2,2,21,58
646,2,1,1,21,60
453,1,2,1,21,95
627,2,1,2,21,11
508,2,2,1,25,106
709,2,1,1,25,24
589,1,2,1,25,77
673,1,2,2,25,2
729,2,1,1,25,87
1203,2,1,2,25,113
681,2,2,1,25,103
565,1,1,2,25,109
757,1,2,2,25,7
495,2,1,1,25,33
1162,2,2,2,25,76
574,2,1,2,25,21
1196,2,2,2,25,9
922,1,2,2,25,27
679,1,2,2,25,13
502,2,1,2,25,37
752,1,1,1,25,46
727,1,1,2,25,5
699,2,2,2,25,55
757,1,2,2,25,100
469,1,2,2,25,104
1534,2,2,2,25,41
455,2,2,1,25,101
584,1,2,1,25,16
524,1,1,2,25,82
1020,1,2,1,25,72
462,1,1,1,25,118
1000,1,1,2,25,112
748,1,2,2,25,47
889,1,1,2,25,105
981,2,1,2,25,15
543,2,1,2,25,44
540,2,2,1,25,54
508,2,2,2,25,59
879,2,1,2,25,99
841,1,2,1,25,84
452,2,1,2,25,11
574,1,2,2,25,38
416,2,2,2,25,17
972,1,2,2,25,35
537,2,1,1,25,32
553,2,2,2,25,20
376,2,2,2,25,97
574,1,1,1,25,96
441,2,2,1,25,86
370,1,1,1,25,29
423,2,2,1,25,110
519,1,1,2,25,62
427,2,1,2,25,56
500,2,2,1,25,23
586,2,1,2,25,89
539,2,1,1,25,107
660,1,2,1,25,28
774,2,2,2,25,51
936,1,1,2,25,31
1359,2,2,2,25,85
484,2,1,2,25,10
474,2,1,1,25,108
393,2,1,1,25,94
632,2,1,1,25,117
806,1,1,1,25,71
388,2,1,2,25,57
632,1,1,1,25,81
561,1,2,1,25,91
740,2,2,2,25,67
542,2,2,1,25,115
630,1,1,1,25,19
879,1,1,2,25,22
529,2,1,1,25,34
597,2,1,1,25,92
614,2,1,1,25,66
349,1,1,1,25,79
906,2,2,1,25,45
633,1,2,2,25,64
758,1,2,2,25,69
550,2,2,2,25,43
607,2,1,2,25,68
718,2,1,2,25,93
593,1,2,2,25,102
610,2,1,1,25,60
757,1,2,1,25,8
1374,2,2,1,25,90
393,1,1,2,25,3
760,2,1,2,25,48
463,1,1,2,25,12
771,1,1,1,25,42
759,1,2,2,25,75
406,1,1,2,25,114
478,2,2,1,25,65
903,1,2,1,25,49
573,1,2,2,25,98
344,1,1,1,25,1
704,1,2,1,25,116
707,1,1,2,25,39
536,2,2,2,25,25
935,1,1,2,25,18
709,1,2,1,25,80
643,1,1,1,25,40
836,2,2,1,25,30
594,1,2,1,25,36
783,2,2,2,25,73
759,1,1,2,25,63
449,1,1,1,25,70
1950,1,1,1,25,6
738,1,2,1,25,88
831,1,1,2,25,111
808,2,1,1,25,4
1954,2,1,2,25,83
576,1,2,1,25,78
539,1,1,1,25,53
757,2,1,1,25,50
458,1,1,1,25,74
539,2,1,1,5,66
583,2,2,2,5,67
505,1,1,2,5,111
699,2,2,2,5,59
492,2,1,2,5,21
470,2,2,1,5,65
431,1,1,1,5,1
406,2,2,2,5,97
729,2,2,2,5,9
528,2,1,2,5,44
620,1,1,1,5,53
506,2,1,1,5,94
554,2,2,2,5,17
516,2,1,2,5,11
533,2,1,2,5,93
498,1,2,2,5,7
593,2,2,2,5,20
711,2,2,1,5,115
528,1,1,2,5,112
640,2,1,2,5,113
872,1,2,2,5,69
768,2,1,2,5,83
541,1,1,1,5,29
650,2,1,2,5,37
572,1,1,2,5,12
541,2,1,1,5,4
740,2,2,1,5,45
540,1,2,1,5,28
497,1,1,1,5,40
469,1,2,2,5,38
541,2,1,2,5,89
599,2,2,1,5,14
515,1,2,2,5,75
404,2,2,1,5,101
483,1,2,2,5,102
684,2,2,1,5,23
457,1,2,2,5,2
660,1,1,2,5,5
615,2,2,1,5,86
534,2,2,2,5,55
712,1,2,2,5,64
759,2,2,1,5,26
606,2,1,1,5,87
689,1,2,1,5,88
473,1,1,1,5,79
588,2,1,2,5,10
528,1,1,1,5,42
719,2,1,1,5,34
700,2,2,2,5,85
642,1,2,1,5,80
740,2,1,2,5,57
792,2,2,1,5,90
973,1,2,2,5,100
567,1,2,1,5,36
642,1,1,2,5,39
599,2,2,1,5,54
684,2,2,2,5,25
656,1,2,1,5,16
519,1,1,1,5,118
608,2,1,1,5,60
621,2,1,1,5,24
677,2,1,1,5,107
646,2,2,2,5,43
587,2,1,2,5,48
538,2,1,2,5,99
561,2,1,1,5,92
844,2,2,2,5,73
517,1,2,1,5,84
663,1,1,1,5,96
802,1,2,1,5,77
1257,1,2,2,5,47
633,2,2,1,5,30
596,1,2,1,5,49
552,2,2,2,5,41
640,1,1,1,5,74
595,1,2,1,5,91
567,2,2,2,5,51
500,1,2,2,5,35
890,2,1,1,5,50
510,2,2,1,5,106
628,2,2,1,5,110
421,1,1,2,5,22
625,2,1,2,5,68
635,2,1,1,5,108
692,1,1,1,5,6
580,1,1,1,5,81
866,1,2,2,5,104
528,1,1,2,5,82
547,1,1,2,5,114
569,1,1,2,5,105
405,1,1,2,5,31
419,1,2,2,5,27
435,1,1,1,5,19
607,1,2,1,5,72
415,1,2,1,5,95
411,1,1,2,5,62
509,1,2,1,5,8
522,1,2,2,5,98
382,2,1,1,5,33
432,1,2,2,5,13
429,2,1,2,5,15
586,1,2,1,5,78
646,2,2,1,5,61
437,1,1,1,5,46
474,1,1,2,5,63
601,1,1,2,5,3
475,2,1,1,5,117
412,2,2,2,5,76
820,2,1,2,5,56
510,1,2,1,5,116
379,1,1,1,5,70
525,1,1,1,5,71
816,2,1,1,5,32
733,1,1,2,5,109
771,1,1,2,1,58
660,2,1,2,1,17
569,2,1,1,1,30
882,1,2,1,1,40
661,1,2,1,1,46
512,1,1,1,1,84
626,2,1,2,1,55
619,2,2,2,1,93
667,1,2,1,1,19
678,1,1,2,1,104
592,2,1,2,1,67
522,1,2,1,1,118
615,1,2,2,1,39
579,2,2,1,1,33
480,1,1,2,1,64
520,2,1,2,1,51
678,2,1,2,1,9
1380,2,1,1,1,26
855,2,1,2,1,85
595,1,2,2,1,18
1011,2,2,2,1,21
1083,2,2,1,1,66
580,2,2,2,1,10
586,2,1,2,1,59
582,2,2,1,1,108
494,1,1,1,1,78
1347,1,2,1,1,6
569,1,2,1,1,42
496,2,1,1,1,110
666,1,2,1,1,96
833,1,1,1,1,95
612,2,2,2,1,15
1250,1,1,2,1,27
586,1,2,1,1,79
655,2,2,2,1,57
810,2,2,2,1,99
595,1,1,2,1,69
666,1,1,2,1,98
884,2,2,2,1,83
629,2,1,1,1,90
481,2,1,1,1,86
665,1,2,2,1,22
565,1,2,2,1,111
1372,1,2,2,1,109
563,1,2,2,1,5
479,2,2,2,1,48
508,1,2,1,1,1
554,1,1,1,1,80
801,2,1,2,1,43
575,1,1,1,1,77
569,1,1,1,1,88
502,1,1,2,1,38
559,1,2,2,1,63
832,1,1,2,1,2
611,1,2,2,1,112
543,2,1,2,1,97
606,2,2,1,1,107
1652,1,1,2,1,47
515,2,2,1,1,4
949,1,2,2,1,82
593,2,1,2,1,25
907,2,2,1,1,50
649,2,2,1,1,60
710,2,1,1,1,45
923,1,1,1,1,8
548,2,2,2,1,44
736,1,1,2,1,35
647,1,1,1,1,91
538,2,1,1,1,65
1446,1,1,2,1,13
609,1,2,2,1,31
586,1,2,2,1,3
687,2,2,2,1,37
710,2,1,2,1,73
524,2,1,2,1,76
679,2,2,1,1,94
709,1,2,1,1,74
631,2,2,1,1,32
551,1,2,1,1,70
468,2,1,1,1,103
598,1,1,1,1,116
599,2,2,2,1,56
615,2,2,1,1,24
532,1,1,1,1,28
460,1,1,1,1,36
580,1,2,1,1,71
482,1,1,1,1,16
477,2,1,1,1,14
936,2,2,2,1,89
745,2,2,2,1,113
599,1,2,1,1,53
532,1,1,2,1,100
563,2,1,1,1,101
604,2,2,1,1,92
580,1,1,2,1,102
605,2,1,2,1,20
1225,1,1,2,1,7
723,1,2,1,1,81
724,2,1,1,1,106
1059,2,1,1,1,115
665,1,1,2,1,75
647,1,2,2,1,62
708,2,2,1,1,34
531,2,1,1,1,23
600,1,2,2,1,12
848,1,2,2,1,105
619,2,2,2,1,68
583,2,1,2,1,41
872,1,2,1,1,29
649,1,1,1,1,49
719,2,2,1,1,87
645,2,1,1,1,54
599,1,1,1,9,84
694,1,2,2,9,22
1207,1,2,2,9,31
639,2,2,2,9,44
745,1,1,2,9,75
1001,1,2,2,9,3
895,1,1,2,9,58
1115,2,2,1,9,34
548,1,1,2,9,27
615,2,2,2,9,93
750,1,1,1,9,80
1212,2,2,1,9,52
554,2,2,2,9,37
512,2,1,1,9,86
525,1,2,1,9,42
542,1,2,1,9,79
644,1,1,2,9,13
575,2,2,1,9,87
527,1,1,1,9,77
567,2,2,2,9,15
447,1,2,1,9,29
509,2,1,1,9,106
1508,2,1,1,9,61
712,1,1,2,9,7
607,2,2,1,9,66
606,2,2,1,9,107
459,2,2,2,9,21
798,1,1,1,9,72
1059,1,1,1,9,36
451,1,1,2,9,98
517,2,2,1,9,108
526,1,2,2,9,82
466,1,1,2,9,69
468,1,2,1,9,96
750,1,2,2,9,5
475,1,2,1,9,81
499,1,2,2,9,105
696,1,2,1,9,46
554,2,2,2,9,89
642,1,2,2,9,63
589,1,1,2,9,100
406,1,1,2,9,102
787,1,2,2,9,62
542,2,2,1,9,24
705,2,1,1,9,14
471,1,1,2,9,64
559,1,1,1,9,78
701,1,2,2,9,18
545,1,2,2,9,12
481,1,2,1,9,40
499,2,1,1,9,23
499,1,1,2,9,35
467,2,2,2,9,113
509,2,1,2,9,59
507,2,2,2,9,83
436,1,1,1,9,91
579,1,1,1,9,28
554,1,1,2,9,47
533,2,2,1,9,94
897,1,2,2,9,109
452,1,2,1,9,1
621,2,2,2,9,11
491,2,1,1,9,54
518,2,1,2,9,73
503,2,1,2,9,25
488,1,1,2,9,2
629,1,1,2,9,104
482,1,1,1,9,8
525,2,2,1,9,92
449,1,2,2,9,111
878,2,1,2,9,51
528,2,1,1,9,103
529,2,1,2,9,9
538,1,2,2,9,39
521,1,2,1,9,70
413,1,1,1,9,88
487,1,1,1,9,16
808,2,2,2,9,99
384,1,1,2,9,38
460,1,2,1,9,74
505,2,1,2,9,17
455,2,2,1,9,4
490,2,2,2,9,68
891,2,1,2,9,67
460,1,2,1,9,118
505,2,2,1,9,117
416,2,1,1,9,30
573,2,2,1,9,32
894,2,2,1,9,60
457,2,1,2,9,97
513,2,1,1,9,45
753,1,2,1,9,53
591,1,1,1,9,116
719,2,1,1,9,101
642,2,1,2,9,76
637,1,2,2,9,112
483,2,1,1,9,110
441,2,2,2,9,48
760,2,1,2,9,41
495,2,2,2,9,56
481,2,2,1,9,33
837,2,1,2,9,20
584,2,1,1,9,65
781,1,2,1,9,71
1206,1,1,1,9,49
502,1,1,1,9,95
627,1,2,1,9,19
1360,2,2,2,9,57
489,2,1,2,9,43
711,2,2,1,9,50
1438,1,2,2,9,114
518,2,2,2,9,10
705,1,1,1,18,16
604,2,2,2,18,10
670,1,2,1,18,42
642,1,2,2,18,114
1344,2,1,2,18,67
497,1,1,1,18,116
458,1,1,2,18,102
654,2,1,2,18,55
621,2,2,2,18,11
590,1,1,2,18,104
1141,1,1,2,18,35
549,1,1,1,18,78
541,1,1,1,18,91
628,2,1,1,18,110
1036,2,1,2,18,17
583,1,2,2,18,105
813,2,1,1,18,14
639,1,2,2,18,111
724,2,2,2,18,37
591,2,2,1,18,34
687,1,1,1,18,49
600,1,1,2,18,75
691,1,2,2,18,109
471,1,1,1,18,80
610,2,2,1,18,66
561,2,2,1,18,107
436,1,1,2,18,69
1016,2,2,2,18,89
485,1,2,2,18,12
837,2,1,2,18,73
739,2,2,2,18,68
586,2,2,2,18,48
580,1,2,2,18,22
526,2,2,2,18,44
1327,2,1,2,18,43
573,2,1,1,18,90
1901,1,1,1,18,72
515,2,1,1,18,65
529,1,1,1,18,36
467,1,1,1,18,95
439,1,1,2,18,64
686,1,2,2,18,62
521,2,2,1,18,32
533,1,2,2,18,3
699,1,2,2,18,31
1546,2,2,2,18,113
461,2,2,1,18,4
624,1,1,2,18,38
472,1,1,2,18,98
544,2,1,2,18,20
994,2,1,2,18,25
1375,1,2,1,18,71
622,1,2,1,18,70
632,2,1,2,18,97
767,1,2,1,18,46
663,2,2,1,18,50
649,2,2,2,18,83
549,1,1,2,18,13
557,2,2,2,18,15
646,2,2,1,18,60
721,1,1,1,18,28
564,1,2,1,18,79
562,1,2,1,18,96
643,1,2,1,18,74
592,2,1,1,18,106
534,2,1,1,18,23
566,2,2,1,18,24
954,2,1,2,18,9
600,2,2,2,18,99
564,2,1,1,18,101
513,1,1,1,18,77
541,1,1,2,18,7
549,1,2,1,18,118
580,1,2,2,18,63
537,2,2,2,18,56
632,1,2,2,18,112
597,2,2,1,18,92
485,2,2,1,18,87
638,1,2,2,18,39
451,1,1,2,18,100
514,1,1,2,18,2
667,1,2,1,18,81
594,1,2,1,18,40
635,2,2,2,18,21
588,2,1,2,18,76
640,1,2,2,18,82
560,2,1,1,18,30
623,2,1,1,18,45
783,2,2,1,18,117
624,1,2,1,18,53
814,1,1,1,18,84
546,2,1,1,18,86
757,2,2,2,18,93
815,2,2,2,18,57
654,1,2,2,18,5
541,1,2,1,18,1
594,1,1,2,18,58
786,1,2,1,18,19
623,2,2,1,18,108
540,2,1,1,18,103
650,2,2,1,18,94
489,2,1,2,18,59
591,1,1,2,18,27
527,2,1,2,18,41
482,1,2,1,18,29
590,2,1,2,18,51
443,1,1,1,18,8
456,2,2,1,20,107
611,2,2,2,20,89
534,1,2,1,20,1
512,1,2,1,20,29
382,1,1,2,20,2
637,2,1,1,20,61
529,2,1,1,20,65
748,2,1,1,20,90
525,1,1,2,20,104
497,1,2,1,20,118
549,2,2,1,20,108
384,2,1,1,20,106
499,2,2,1,20,33
504,2,1,2,20,9
477,2,2,2,20,21
549,2,2,1,20,117
537,1,1,2,20,38
470,1,2,2,20,111
484,1,2,1,20,40
541,1,1,2,20,47
456,1,1,2,20,98
623,2,2,1,20,87
602,2,2,1,20,32
571,2,2,1,20,50
533,1,1,2,20,58
479,1,1,1,20,8
558,1,1,1,20,95
569,2,1,1,20,115
464,2,1,2,20,51
483,2,1,1,20,45
574,2,2,2,20,99
642,1,2,2,20,109
512,2,1,1,20,30
1024,1,2,1,20,6
547,2,2,2,20,37
575,1,2,1,20,19
574,2,2,2,20,83
732,2,1,2,20,41
557,1,2,2,20,18
661,1,2,2,20,105
461,1,2,1,20,70
486,2,2,2,20,48
466,2,2,1,20,66
574,1,2,2,20,82
522,2,1,2,20,76
516,1,1,1,20,78
518,1,2,1,20,96
679,2,2,1,20,94
585,2,1,2,20,73
553,1,2,2,20,31
460,2,1,1,20,23
577,1,1,2,20,75
897,2,1,2,20,67
563,1,2,2,20,3
694,2,2,1,20,34
837,1,2,2,20,63
540,1,2,2,20,62
618,1,1,1,20,84
667,2,1,2,20,20
419,1,1,2,20,69
660,2,2,2,20,11
440,2,1,2,20,17
503,2,2,2,20,93
474,1,1,1,20,80
471,2,2,1,20,92
778,1,1,1,20,16
561,1,2,1,20,74
831,1,2,1,20,46
876,1,2,1,20,79
476,2,1,1,20,101
535,1,1,2,20,27
567,2,2,2,20,57
537,2,2,1,20,4
503,1,1,1,20,88
739,2,2,2,20,10
720,1,2,1,20,42
705,1,2,2,20,112
620,2,1,2,20,43
707,1,1,1,20,28
533,1,2,2,20,114
497,1,1,1,20,36
611,1,2,2,20,12
485,1,2,2,20,5
547,2,1,1,20,103
827,2,2,1,20,52
560,2,2,2,20,113
503,1,1,2,20,64
720,2,2,1,20,60
521,2,1,1,20,86
621,2,1,1,20,26
670,2,2,2,20,56
803,2,1,2,20,25
562,2,2,2,20,68
551,2,2,2,20,44
528,2,2,2,20,15
607,2,1,2,20,59
573,1,1,1,20,91
1213,1,2,1,20,71
720,2,1,1,20,54
586,2,1,1,20,110
482,1,1,1,20,77
541,1,2,1,20,81
613,1,1,2,20,7
853,2,1,1,20,14
516,1,1,2,20,100
632,1,2,1,20,53
666,1,2,2,20,39
588,2,2,1,20,24
487,1,1,2,20,13
594,2,1,2,20,55
508,1,2,2,20,22
455,2,1,2,30,51
519,1,2,2,30,112
511,1,2,1,30,53
532,2,2,2,30,48
511,2,1,1,30,86
465,2,1,1,30,54
549,2,2,2,30,99
500,1,2,2,30,62
476,2,1,1,30,30
519,1,2,1,30,46
455,1,2,2,30,111
524,2,1,1,30,101
595,2,2,1,30,107
722,1,1,2,30,102
538,1,1,2,30,98
933,2,1,2,30,20
473,2,2,2,30,89
845,2,2,1,30,24
774,2,2,1,30,52
518,2,2,1,30,117
515,1,2,2,30,105
716,1,1,1,30,116
668,2,1,1,30,65
397,1,1,2,30,38
570,1,2,2,30,82
681,1,2,1,30,71
392,1,2,1,30,81
470,1,2,2,30,114
699,1,2,1,30,6
726,2,2,1,30,50
532,1,2,2,30,18
378,1,1,1,30,77
457,2,1,2,30,73
624,1,1,1,30,28
492,1,2,1,30,79
435,1,2,2,30,12
420,2,2,2,30,93
460,1,1,1,30,16
396,1,2,1,30,74
450,1,2,1,30,118
504,2,2,2,30,56
620,1,1,2,30,58
412,1,1,2,30,35
353,1,1,2,30,7
754,1,1,2,30,47
707,1,1,1,30,8
648,1,2,2,30,22
485,1,1,2,30,27
661,1,2,2,30,63
437,1,2,1,30,1
1001,2,2,1,30,94
409,1,1,2,30,69
1373,2,1,1,30,106
616,2,2,2,30,68
565,2,1,1,30,45
821,2,2,2,30,11
510,2,2,1,30,108
551,1,2,2,30,5
501,2,1,1,30,110
1897,2,1,1,30,115
402,1,1,1,30,91
499,2,1,1,30,103
456,2,2,1,30,34
424,2,1,2,30,43
415,2,2,1,30,32
483,1,1,1,30,80
501,1,1,1,30,72
776,1,1,2,30,64
514,1,1,1,30,88
546,2,1,2,30,76
562,1,2,1,30,70
570,2,1,2,30,17
560,2,2,1,30,33
571,2,1,2,30,97
1005,2,1,2,30,59
473,2,2,2,30,21
745,2,2,2,30,15
691,2,2,1,30,92
521,1,1,1,30,49
478,2,1,2,30,41
570,1,1,1,30,78
634,1,1,2,30,75
512,1,2,1,30,29
521,1,2,1,30,96
395,1,1,1,30,36
492,2,1,2,30,9
477,1,1,2,30,13
486,2,2,1,30,66
413,2,2,1,30,87
461,2,2,2,30,37
820,1,1,2,30,104
661,2,1,2,30,25
757,2,1,2,30,67
447,1,1,1,30,95
777,2,1,1,30,90
640,1,2,2,30,39
425,2,2,2,30,113
468,1,2,1,30,40
442,1,2,2,30,3
679,1,2,2,30,109
778,2,2,1,30,60
507,1,1,2,30,2
501,1,1,2,30,100
478,1,2,2,30,31
1219,2,1,1,30,14
585,2,2,2,30,44
558,2,1,1,30,23
850,2,1,2,30,55
695,2,2,1,30,4
718,2,2,2,30,10
481,1,1,2,4,98
511,1,2,2,4,22
545,1,2,1,4,19
624,1,1,2,4,47
569,1,1,1,4,116
454,2,1,1,4,54
456,1,2,1,4,81
529,2,1,2,4,25
558,1,2,1,4,96
615,2,2,1,4,94
558,1,2,1,4,118
465,2,2,2,4,56
448,2,2,1,4,92
526,2,1,1,4,23
448,1,1,1,4,16
456,1,1,2,4,100
513,1,2,2,4,39
573,2,2,2,4,10
484,1,2,1,4,74
511,1,2,1,4,40
554,2,2,1,4,50
600,2,1,2,4,55
411,1,1,2,4,2
631,1,1,1,4,28
489,2,1,1,4,103
1064,2,1,2,4,97
649,2,1,2,4,17
791,1,2,1,4,29
891,2,1,1,4,110
635,1,1,1,4,77
846,1,1,2,4,7
663,1,2,1,4,70
575,2,2,1,4,108
1240,1,1,1,4,84
583,1,2,2,4,82
688,1,2,2,4,109
593,2,2,1,4,34
476,1,1,1,4,36
546,1,2,1,4,71
624,1,1,2,4,27
491,1,1,2,4,38
536,2,2,2,4,48
546,2,1,2,4,59
510,2,2,1,4,60
543,1,2,1,4,46
653,1,2,1,4,79
1199,2,2,1,4,24
615,2,1,1,4,86
804,1,1,2,4,102
642,2,1,1,4,14
612,1,1,2,4,64
514,1,1,1,4,8
932,1,2,1,4,53
569,1,2,2,4,18
606,1,2,2,4,12
679,2,1,1,4,61
654,2,1,2,4,76
457,2,2,1,4,33
530,2,2,1,4,32
548,2,1,1,4,65
471,1,2,2,4,111
870,1,2,2,4,114
428,2,1,1,4,30
908,1,1,1,4,88
672,1,2,2,4,5
688,1,1,2,4,13
516,1,1,2,4,69
651,2,2,1,4,117
579,2,2,2,4,21
798,2,2,2,4,15
722,2,2,1,4,107
530,2,1,1,4,101
517,2,1,2,4,41
543,2,2,2,4,113
665,2,2,2,4,57
733,1,2,1,4,1
604,2,2,2,4,89
663,2,2,2,4,93
1091,2,2,2,4,44
451,1,2,1,4,42
505,2,1,2,4,51
506,2,1,2,4,9
737,2,1,2,4,67
521,1,2,2,4,105
475,1,2,2,4,62
483,2,1,1,4,106
484,2,1,1,4,45
467,1,2,2,4,112
526,2,1,2,4,73
572,1,1,1,4,95
582,2,2,2,4,11
832,2,1,2,4,43
567,1,1,1,4,78
749,1,2,2,4,63
545,2,2,2,4,99
578,2,1,1,4,115
620,2,2,2,4,37
509,1,1,1,4,80
504,2,2,1,4,87
569,1,1,2,4,75
750,1,2,1,4,6
890,2,1,2,4,20
1152,2,2,2,4,83
840,1,2,2,4,3
917,2,1,1,4,90
537,2,2,2,4,68
580,1,1,1,4,91
631,2,2,1,4,4
1052,1,1,2,4,104
639,1,1,1,4,49
455,1,2,1,7,96
488,2,1,2,7,25
406,1,2,1,7,81
369,2,2,1,7,34
332,1,1,1,7,78
377,2,2,2,7,10
589,1,1,2,7,102
413,1,2,2,7,31
402,1,2,2,7,114
483,2,1,2,7,17
426,2,1,1,7,45
476,2,2,1,7,117
395,1,2,2,7,12
341,1,1,2,7,58
408,2,2,2,7,57
431,2,1,1,7,14
417,2,2,1,7,87
450,2,1,2,7,43
421,1,1,2,7,75
473,2,2,2,7,56
409,2,2,1,7,66
481,2,1,2,7,85
379,1,2,2,7,111
421,1,2,1,7,19
342,2,2,2,7,83
387,2,1,1,7,90
528,2,2,2,7,21
422,1,1,2,7,35
382,2,1,1,7,106
455,1,2,2,7,63
437,1,1,1,7,95
493,2,2,2,7,44
398,1,1,1,7,116
574,2,1,2,7,76
537,2,2,1,7,107
555,2,2,2,7,93
487,2,2,1,7,24
422,1,2,1,7,40
524,2,1,1,7,26
396,1,1,2,7,104
634,2,1,2,7,41
455,1,2,1,7,6
441,2,2,2,7,113
407,2,1,2,7,51
465,1,2,2,7,18
459,2,1,1,7,65
397,1,2,2,7,39
586,1,1,2,7,64
497,1,2,2,7,112
425,2,2,1,7,32
413,1,2,2,7,22
437,2,2,2,7,68
393,1,2,1,7,42
396,2,1,1,7,101
402,1,1,1,7,77
379,1,2,2,7,105
460,2,1,2,7,20
441,2,1,1,7,110
487,1,1,2,7,27
450,2,1,2,7,59
501,1,2,1,7,70
384,1,2,2,7,62
420,1,1,1,7,28
366,1,1,2,7,69
505,2,1,2,7,73
549,2,1,1,7,23
437,1,2,1,7,1
427,2,1,2,7,97
501,1,2,1,7,71
356,1,1,1,7,84
405,1,2,1,7,46
586,2,1,1,7,115
367,1,2,2,7,3
639,2,2,1,7,94
356,1,1,1,7,16
544,2,1,1,7,54
346,1,1,2,7,98
537,2,2,1,7,60
444,2,2,1,7,92
524,2,1,2,7,67
398,2,1,1,7,86
431,2,2,2,7,89
448,1,2,1,7,29
442,2,2,2,7,15
434,2,2,1,7,50
600,2,2,1,7,33
430,2,2,1,7,52
445,2,1,2,7,9
435,1,1,2,7,100
478,1,1,1,7,72
467,1,2,2,7,109
388,2,2,1,7,4
422,2,1,2,7,55
388,2,2,2,7,11
455,2,2,1,7,108
415,1,1,2,7,38
371,1,1,1,7,8
488,1,1,2,7,47
387,2,1,1,7,30
656,2,1,1,7,61
392,1,2,1,7,79
438,1,2,1,7,118
374,1,1,1,7,88
468,1,2,1,7,74
521,1,1,1,7,49
417,1,1,2,7,13
368,1,1,2,7,2
458,2,1,1,7,103
506,2,2,2,7,48
408,1,2,2,7,82
463,1,2,2,7,5
587,1,1,1,7,80
429,1,2,1,7,53
444,2,2,2,7,37
458,1,1,2,7,7
373,1,1,1,7,36
457,1,1,1,7,91
497,2,2,2,7,99
